,eps,surprise,time,symbol,name,marketCap,fiscalQuarterEnding,epsForecast,noOfEsts,industry_x,declare_date,epsFix,epsForecastFix,exOrEffDate,type,dividend_y,declarationDate,recordDate,paymentDate,currency,dividend_yield_Rate_y,price,industry_y,dividend,lastYearRptDt,lastYearEPS
0,$0.56,14.29,time-not-supplied,HTHT,H World Group Limited,"$10,874,773,572",Sep/2023,$0.49,1,,2023-11-24,0.56,0.49,12/20/2023,Cash,$0.93,11/29/2023,12/21/2023,01/17/2024,USD,N/A,$6.37,Home Furnishings,,,
1,$0.50,N/A,time-after-hours,NTZ,"Natuzzi, S.p.A.","$70,163,059",Sep/2023,,N/A,,2023-11-24,0.50,,05/26/2005,Cash,$0.0616,N/A,05/31/2005,07/15/2005,USD,N/A,$6.37,Home Furnishings,,,
2,$1.10,64.18,time-not-supplied,SDRL,Seadrill Limited,"$3,216,364,900",Sep/2023,$0.67,1,,2023-11-27,1.10,0.67,12/03/2013,Cash,$0.95,N/A,12/05/2013,N/A,USD,N/A,$2.23,Marine Transportation,,,
3,$0.08,N/A,time-not-supplied,TIGR,UP Fintech Holding Limited,"$697,150,123",Sep/2023,,N/A,,2023-11-27,0.08,,,,,,,,,,,,,,
4,$0.63,N/A,time-not-supplied,ITRN,Ituran Location and Control Ltd.,"$528,289,700",Sep/2023,,N/A,,2023-11-27,0.63,,12/19/2023,Cash,$0.24,11/27/2023,12/20/2023,01/04/2024,USD,N/A,$2.23,Marine Transportation,,,
5,$0.35,N/A,time-not-supplied,SUPV,Grupo Supervielle S.A.,"$332,419,959",Sep/2023,$0,1,,2023-11-27,0.35,0,05/13/2022,Cash,$0.015119,05/06/2022,05/16/2022,05/24/2022,USD,N/A,$2.23,Marine Transportation,,,
6,$0.02,N/A,time-not-supplied,EM,Smart Share Global Limited,"$158,101,030",Sep/2023,,N/A,,2023-11-27,0.02,,,,,,,,,,,,,,
7,$0.27,N/A,time-not-supplied,PSHG,Performance Shipping Inc.,"$26,544,604",Sep/2023,,N/A,,2023-11-27,0.27,,10/29/2020,Cash,$0.01,10/20/2020,10/30/2020,11/09/2020,USD,N/A,$2.23,Marine Transportation,,,
8,$1.45,46.46,time-not-supplied,PDD,PDD Holdings Inc.,"$185,124,874,118",Sep/2023,$0.99,2,,2023-11-28,1.45,0.99,,,,,,,,,,,,,
9,$1.14,62.86,time-not-supplied,INTU,Intuit Inc.,"$159,980,624,640",Oct/2023,$0.70,10,,2023-11-28,1.14,0.70,01/09/2024,Cash,$0.90,11/16/2023,01/10/2024,01/18/2024,USD,N/A,$0.796,Biotechnology: Pharmaceutical Preparations,,,
10,$0.47,46.88,time-not-supplied,WDAY,"Workday, Inc.","$71,635,940,000",Oct/2023,$0.32,8,,2023-11-28,0.47,0.32,,,,,,,,,,,,,
11,$0.16,77.78,time-not-supplied,CRWD,"CrowdStrike Holdings, Inc.","$57,675,578,537",Oct/2023,$0.09,13,,2023-11-28,0.16,0.09,,,,,,,,,,,,,
12,$0.93,-21.85,time-not-supplied,BNS,Bank of Nova Scotia (The),"$53,709,325,140",Oct/2023,$1.19,4,,2023-11-28,0.93,1.19,,,,,,,,,,,,,
13,$0.77,156.67,time-not-supplied,SPLK,Splunk Inc.,"$25,445,185,000",Oct/2023,$0.30,5,,2023-11-28,0.77,0.30,,,,,,,,,,,,,
14,$0.49,32.43,time-not-supplied,HPE,Hewlett Packard Enterprise Company,"$20,679,779,270",Oct/2023,$0.37,5,,2023-11-28,0.49,0.37,12/12/2023,Cash,$0.13,11/28/2023,12/13/2023,01/11/2024,USD,N/A,$0.796,Biotechnology: Pharmaceutical Preparations,,,
15,$1.23,12.84,time-not-supplied,NTAP,"NetApp, Inc.","$18,353,245,666",Oct/2023,$1.09,9,,2023-11-28,1.23,1.09,01/04/2024,Cash,$0.50,11/28/2023,01/05/2024,01/24/2024,USD,N/A,$0.796,Biotechnology: Pharmaceutical Preparations,,,
16,$1.65,-3.51,time-not-supplied,ESLT,Elbit Systems Ltd.,"$9,278,463,500",Sep/2023,$1.71,1,,2023-11-28,1.65,1.71,12/22/2023,Cash,$0.50,11/27/2023,12/26/2023,01/08/2024,USD,N/A,$0.796,Biotechnology: Pharmaceutical Preparations,,,
17,$0.35,34.62,time-not-supplied,AZEK,The AZEK Company Inc.,"$5,154,709,513",Sep/2023,$0.26,7,,2023-11-28,0.35,0.26,,,,,,,,,,,,,
18,$0.01,N/A,time-not-supplied,SID,National Steel Company,"$4,521,980,359",Sep/2023,,N/A,,2023-11-28,0.01,,05/10/2023,Cash,$0.117495,05/02/2023,05/11/2023,N/A,USD,N/A,$0.796,Biotechnology: Pharmaceutical Preparations,,,
19,$0.02,128.57,time-not-supplied,FLNC,"Fluence Energy, Inc.","$3,908,339,968",Sep/2023,($0.07),9,,2023-11-28,0.02,-0.07,,,,,,,,,,,,,
20,$0.13,-13.33,time-not-supplied,LESL,"Leslie's, Inc.","$1,000,931,828",Sep/2023,$0.15,5,,2023-11-28,0.13,0.15,,,,,,,,,,,,,
21,$0,N/A,time-not-supplied,LITB,"LightInTheBox Holding Co., Ltd.","$118,948,925",Sep/2023,,N/A,,2023-11-28,0,,,,,,,,,,,,,,
22,$0.08,N/A,time-not-supplied,JCTCF,Jewett-Cameron Trading Company,"$18,176,780",Aug/2023,,N/A,,2023-11-28,0.08,,,,,,,,,,,,,,
23,$0.30,N/A,time-not-supplied,ALAR,Alarum Technologies Ltd.,"$15,378,000",Sep/2023,,N/A,,2023-11-28,0.30,,,,,,,,,,,,,,
24,$0.10,N/A,time-not-supplied,NRSN,NeuroSense Therapeutics Ltd.,"$9,384,840",Sep/2023,,N/A,,2023-11-28,0.10,,,,,,,,,,,,,,
25,$1.62,7.28,time-not-supplied,CRM,"Salesforce, Inc.","$240,886,800,000",Oct/2023,$1.51,17,,2023-11-29,1.62,1.51,,,,,,,,,,,,,
26,$2.26,3.2,time-not-supplied,SNPS,"Synopsys, Inc.","$81,235,570,850",Oct/2023,$2.19,5,,2023-11-29,2.26,2.19,,,,,,,,,,,,,
27,$0.97,-3.96,time-not-supplied,DLTR,"Dollar Tree, Inc.","$27,613,089,295",Oct/2023,$1.01,12,,2023-11-29,0.97,1.01,,,,,,,,,,,,,
28,$0.42,-6.67,time-not-supplied,HRL,Hormel Foods Corporation,"$17,416,855,783",Oct/2023,$0.45,5,,2023-11-29,0.42,0.45,01/12/2024,Cash,$0.2825,11/20/2023,01/16/2024,02/15/2024,USD,N/A,$0.3912,Precious Metals,,,
29,$0.26,13.04,time-not-supplied,FIVE,"Five Below, Inc.","$10,813,919,034",Oct/2023,$0.23,11,,2023-11-29,0.26,0.23,,,,,,,,,,,,,
30,$0,100,time-not-supplied,NTNX,"Nutanix, Inc.","$10,775,439,736",Oct/2023,($0.11),6,,2023-11-29,0,-0.11,,,,,,,,,,,,,
31,$0.23,91.67,time-not-supplied,PSTG,"Pure Storage, Inc. ","$10,141,690,567",Oct/2023,$0.12,10,,2023-11-29,0.23,0.12,,,,,,,,,,,,,
32,$0.75,4.17,time-not-supplied,DCI,"Donaldson Company, Inc.","$7,359,514,390",Oct/2023,$0.72,3,,2023-11-29,0.75,0.72,08/14/2023,Cash,$0.25,07/28/2023,08/15/2023,08/30/2023,USD,N/A,$0.3912,Precious Metals,,,
33,$2.90,6.62,time-not-supplied,PVH,PVH Corp.,"$6,426,796,405",Oct/2023,$2.72,9,,2023-11-29,2.90,2.72,11/28/2023,Cash,$0.0375,11/01/2023,11/29/2023,12/20/2023,USD,N/A,$0.3912,Precious Metals,,,
34,$0,100,time-not-supplied,NCNO,"nCino, Inc.","$3,308,012,077",Oct/2023,($0.02),5,,2023-11-29,0,-0.02,,,,,,,,,,,,,
35,$0.30,30.43,time-not-supplied,FL,"Foot Locker, Inc.","$2,669,487,228",Oct/2023,$0.23,10,,2023-11-29,0.30,0.23,10/12/2023,Cash,$0.40,08/15/2023,10/13/2023,10/27/2023,USD,N/A,$0.3912,Precious Metals,,,
36,$1.15,36.9,time-not-supplied,YY,JOYY Inc.,"$2,627,303,233",Sep/2023,$0.84,1,,2023-11-29,1.15,0.84,09/25/2023,Cash,$0.20,09/07/2023,09/26/2023,10/13/2023,USD,N/A,$0.3912,Precious Metals,,,
37,$0.50,-15.25,time-not-supplied,PDCO,"Patterson Companies, Inc.","$2,443,470,570",Oct/2023,$0.59,8,,2023-11-29,0.50,0.59,01/18/2024,Cash,$0.26,12/05/2023,01/19/2024,02/02/2024,USD,N/A,$0.3912,Precious Metals,,,
38,$0.59,13.46,time-not-supplied,ROAD,"Construction Partners, Inc.","$2,223,816,716",Sep/2023,$0.52,4,,2023-11-29,0.59,0.52,,,,,,,,,,,,,
39,$2.77,N/A,time-not-supplied,IMKTA,"Ingles Markets, Incorporated","$1,608,063,872",Sep/2023,,N/A,,2023-11-29,2.77,,10/11/2023,Cash,$0.165,10/02/2023,10/12/2023,10/19/2023,USD,N/A,$0.3912,Precious Metals,,,
40,$0.74,19.35,time-not-supplied,LZB,La-Z-Boy Incorporated,"$1,539,634,924",Oct/2023,$0.62,2,,2023-11-29,0.74,0.62,09/05/2023,Cash,$0.1815,08/22/2023,09/06/2023,09/15/2023,USD,N/A,$0.3912,Precious Metals,,,
41,$0.08,N/A,time-not-supplied,GB,Global Blue Group Holding AG,"$886,046,105",Sep/2023,,N/A,,2023-11-29,0.08,,,,,,,,,,,,,,
42,$0.04,-42.86,time-not-supplied,NAT,Nordic American Tankers Limited,"$818,496,000",Sep/2023,$0.07,2,,2023-11-29,0.04,0.07,12/19/2023,Cash,$0.06,11/29/2023,12/20/2023,01/17/2024,USD,N/A,$0.3912,Precious Metals,,,
43,$0.46,N/A,time-not-supplied,NOAH,Noah Holdings Ltd.,"$794,166,994",Sep/2023,,N/A,,2023-11-29,0.46,,06/26/2023,Cash,$0.40,06/12/2023,06/27/2023,07/21/2023,USD,N/A,$0.3912,Precious Metals,,,
44,$0.10,-9.09,time-not-supplied,CNF,CNFinance Holdings Limited,"$144,708,361",Sep/2023,$0.11,1,,2023-11-29,0.10,0.11,,,,,,,,,,,,,
45,$0.01,N/A,time-not-supplied,TRX,TRX Gold Corporation,"$108,607,024",Aug/2023,$0.01,1,,2023-11-29,0.01,0.01,,,,,,,,,,,,,
46,$2.05,7.89,time-not-supplied,RY,Royal Bank Of Canada,"$128,583,712,923",Oct/2023,$1.90,3,,2023-11-30,2.05,1.90,,,,,,,,,,,,,
47,$1.35,-1.46,time-not-supplied,TD,Toronto Dominion Bank (The),"$106,278,045,000",Oct/2023,$1.37,4,,2023-11-30,1.35,1.37,04/09/2018,Cash,$0.519,03/01/2018,04/10/2018,04/30/2018,USD,N/A,$2.67,Computer Communications Equipment,,,
48,$1.62,31.71,time-not-supplied,DELL,Dell Technologies Inc.,"$49,619,833,443",Oct/2023,$1.23,5,,2023-11-30,1.62,1.23,01/22/2024,Cash,$0.37,12/05/2023,01/23/2024,02/02/2024,USD,N/A,$2.67,Computer Communications Equipment,,,
49,$0.24,N/A,time-not-supplied,MRVL,"Marvell Technology, Inc.","$45,118,255,000",Oct/2023,$0.24,13,,2023-11-30,0.24,0.24,10/05/2023,Cash,$0.06,09/14/2023,10/06/2023,10/25/2023,USD,N/A,$2.67,Computer Communications Equipment,,,
50,$1.16,2.65,time-not-supplied,CM,Canadian Imperial Bank of Commerce,"$39,709,165,169",Oct/2023,$1.13,4,,2023-11-30,1.16,1.13,10/18/2005,Cash,$0.989808,N/A,10/20/2005,11/21/2005,USD,N/A,$2.67,Computer Communications Equipment,,,
51,$0.95,5.56,time-not-supplied,KR,Kroger Company (The),"$32,225,346,854",Oct/2023,$0.90,8,,2023-11-30,0.95,0.90,08/14/2023,Cash,$0.29,06/22/2023,08/15/2023,09/01/2023,USD,N/A,$2.67,Computer Communications Equipment,,,
52,$5.07,2.22,time-not-supplied,ULTA,"Ulta Beauty, Inc.","$23,787,859,102",Oct/2023,$4.96,14,,2023-11-30,5.07,4.96,,,,,,,,,,,,,
53,$0.40,N/A,time-not-supplied,KT,KT Corporation,"$6,728,801,577",Sep/2023,,N/A,,2023-11-30,0.40,,12/29/2022,Cash,$0.729237,12/13/2022,12/30/2022,05/04/2023,USD,N/A,$2.67,Computer Communications Equipment,,,
54,$2.25,2.74,time-not-supplied,DOOO,BRP Inc.,"$4,640,881,215",Oct/2023,$2.19,4,,2023-11-30,2.25,2.19,03/31/2023,Cash,$0.13248,03/22/2023,04/03/2023,04/17/2023,USD,N/A,$2.67,Computer Communications Equipment,,,
55,$0.36,-21.74,time-not-supplied,FRO,Frontline Plc,"$4,292,113,600",Sep/2023,$0.46,2,,2023-11-30,0.36,0.46,12/14/2023,Cash,$0.30,11/29/2023,12/15/2023,12/29/2023,USD,N/A,$2.67,Computer Communications Equipment,,,
56,$1.29,-17.83,time-not-supplied,ASO,"Academy Sports and Outdoors, Inc.","$4,119,109,381",Oct/2023,$1.57,7,,2023-11-30,1.29,1.57,12/12/2023,Cash,$0.09,11/29/2023,12/13/2023,01/10/2024,USD,N/A,$2.67,Computer Communications Equipment,,,
57,$0.51,-34.62,time-not-supplied,CBRL,"Cracker Barrel Old Country Store, Inc.","$1,640,810,883",Oct/2023,$0.78,4,,2023-11-30,0.51,0.78,01/18/2024,Cash,$1.30,11/16/2023,01/19/2024,02/13/2024,USD,N/A,$2.67,Computer Communications Equipment,,,
58,$2.36,28.26,time-not-supplied,AMWD,American Woodmark Corporation,"$1,374,904,684",Oct/2023,$1.84,2,,2023-11-30,2.36,1.84,06/10/2003,Cash,$0.05,N/A,06/10/2003,N/A,USD,N/A,$2.67,Computer Communications Equipment,,,
59,$0.11,10,time-not-supplied,CHS,"Chico's FAS, Inc.","$932,103,098",Oct/2023,$0.10,2,,2023-11-30,0.11,0.10,03/13/2020,Cash,$0.09,02/27/2020,03/16/2020,03/30/2020,USD,N/A,$2.67,Computer Communications Equipment,,,
60,$1.49,88.61,time-not-supplied,REX,REX American Resources Corporation,"$721,329,331",Oct/2023,$0.79,1,,2023-11-30,1.49,0.79,,,,,,,,,,,,,
61,$0.78,N/A,time-not-supplied,MOV,Movado Group Inc.,"$618,461,108",Oct/2023,,N/A,,2023-11-30,0.78,,09/06/2023,Cash,$0.35,08/24/2023,09/07/2023,09/21/2023,USD,N/A,$2.67,Computer Communications Equipment,,,
62,$1.32,-12.58,time-not-supplied,TITN,Titan Machinery Inc.,"$595,604,881",Oct/2023,$1.51,3,,2023-11-30,1.32,1.51,,,,,,,,,,,,,
63,$0.59,55.26,time-not-supplied,GCT,GigaCloud Technology Inc,"$419,910,400",Sep/2023,$0.38,1,,2023-11-30,0.59,0.38,,,,,,,,,,,,,
64,$0.53,3.92,time-not-supplied,BBW,"Build-A-Bear Workshop, Inc.","$341,056,041",Oct/2023,$0.51,3,,2023-11-30,0.53,0.51,03/22/2023,Cash,$1.50,03/08/2023,03/23/2023,04/06/2023,USD,N/A,$2.67,Computer Communications Equipment,,,
65,$0.19,46.15,time-not-supplied,AOUT,"American Outdoor Brands, Inc.","$100,905,987",Oct/2023,$0.13,2,,2023-11-30,0.19,0.13,,,,,,,,,,,,,
66,$0.05,N/A,time-not-supplied,BOSC,B.O.S. Better Online Solutions,"$15,219,000",Sep/2023,,N/A,,2023-11-30,0.05,,,,,,,,,,,,,,
67,$2.07,N/A,time-not-supplied,BMO,Bank Of Montreal,"$62,048,651,487",Oct/2023,$2.07,3,,2023-12-01,2.07,2.07,,,,,,,,,,,,,
68,$0.57,-32.14,time-not-supplied,GCO,Genesco Inc.,"$366,801,174",Oct/2023,$0.84,2,,2023-12-01,0.57,0.84,,,,,,,,,,,,,
69,$2.27,36.75,time-not-supplied,SAIC,SCIENCE APPLICATIONS INTERNATIONAL CORPORATION,"$6,715,547,808",Oct/2023,$1.66,7,,2023-12-04,2.27,1.66,01/11/2024,Cash,$0.37,12/01/2023,01/12/2024,01/26/2024,USD,N/A,$29.78,Telecommunications Equipment,,,
70,$0.30,N/A,time-not-supplied,IDT,IDT Corporation,"$777,492,513",Oct/2023,,N/A,,2023-12-04,0.30,,06/18/2018,Cash,$0.09,06/06/2018,06/19/2018,06/29/2018,USD,N/A,$29.78,Telecommunications Equipment,,,
71,$32.55,4.97,time-not-supplied,AZO,"AutoZone, Inc.","$46,555,134,568",Nov/2023,$31.01,11,,2023-12-05,32.55,31.01,,,,,,,,,,,,,
72,$2.65,1.53,time-not-supplied,FERG,Ferguson plc,"$36,422,307,222",Oct/2023,$2.61,5,,2023-12-05,2.65,2.61,12/14/2023,Cash,$0.79,01/05/2023,12/15/2023,02/06/2024,USD,N/A,$14.94,N/A,,,
73,$2.59,4.86,time-not-supplied,SJM,J.M. Smucker Company (The),"$12,849,769,396",Oct/2023,$2.47,8,,2023-12-05,2.59,2.47,11/16/2023,Cash,$1.06,10/19/2023,11/17/2023,12/01/2023,USD,N/A,$14.94,N/A,,,
74,$4.11,12.3,time-not-supplied,TOL,"Toll Brothers, Inc.","$9,797,785,640",Oct/2023,$3.66,8,,2023-12-05,4.11,3.66,10/05/2023,Cash,$0.21,09/19/2023,10/06/2023,10/20/2023,USD,N/A,$14.94,N/A,,,
75,$0.65,-4.41,time-not-supplied,CNM,"Core & Main, Inc.","$7,870,578,861",Oct/2023,$0.68,3,,2023-12-05,0.65,0.68,,,,,,,,,,,,,
76,$0.31,-3.12,time-not-supplied,DSGX,The Descartes Systems Group Inc.,"$7,061,422,458",Oct/2023,$0.32,1,,2023-12-05,0.31,0.32,,,,,,,,,,,,,
77,$0.40,25,time-not-supplied,HQY,"HealthEquity, Inc.","$5,810,453,471",Oct/2023,$0.32,6,,2023-12-05,0.40,0.32,,,,,,,,,,,,,
78,$0.24,60,time-not-supplied,SIG,Signet Jewelers Limited,"$4,315,171,800",Oct/2023,$0.15,2,,2023-12-05,0.24,0.15,01/25/2024,Cash,$0.23,12/05/2023,01/26/2024,02/23/2024,USD,N/A,$14.94,N/A,,,
79,$0.02,N/A,time-not-supplied,BOX,"Box, Inc.","$3,476,347,140",Oct/2023,$0.02,7,,2023-12-05,0.02,0.02,,,,,,,,,,,,,
80,$0.97,44.78,time-not-supplied,AVAV,"AeroVironment, Inc.","$3,258,174,229",Oct/2023,$0.67,3,,2023-12-05,0.97,0.67,,,,,,,,,,,,,
81,$0.01,104.55,time-not-supplied,PLAY,"Dave & Buster's Entertainment, Inc.","$1,836,643,149",Oct/2023,($0.22),6,,2023-12-05,0.01,-0.22,01/09/2020,Cash,$0.16,12/19/2019,01/10/2020,02/10/2020,USD,N/A,$14.94,N/A,,,
82,$2.78,33.65,time-not-supplied,GIII,"G-III Apparel Group, LTD.","$1,375,030,796",Oct/2023,$2.08,4,,2023-12-05,2.78,2.08,,,,,,,,,,,,,
83,$1.95,57.26,time-not-supplied,POWL,"Powell Industries, Inc.","$1,023,599,311",Sep/2023,$1.24,1,,2023-12-05,1.95,1.24,11/14/2023,Cash,$0.2625,10/31/2023,11/15/2023,12/13/2023,USD,N/A,$14.94,N/A,,,
84,$15.57,N/A,time-not-supplied,HOV,Hovnanian Enterprises Inc,"$792,256,422",Oct/2023,,N/A,,2023-12-05,15.57,,,,,,,,,,,,,,
85,$0,100,time-not-supplied,YEXT,"Yext, Inc.","$666,272,643",Oct/2023,($0.03),2,,2023-12-05,0,-0.03,,,,,,,,,,,,,
86,$0.24,-45.45,time-not-supplied,DBI,Designer Brands Inc.,"$498,069,124",Oct/2023,$0.44,3,,2023-12-05,0.24,0.44,10/02/2023,Cash,$0.05,09/19/2023,10/03/2023,10/17/2023,USD,N/A,$14.94,N/A,,,
87,$0.28,N/A,time-not-supplied,DAKT,"Daktronics, Inc.","$389,760,601",Oct/2023,,N/A,,2023-12-05,0.28,,03/06/2020,Cash,$0.05,02/25/2020,03/09/2020,03/19/2020,USD,N/A,$14.94,N/A,,,
88,$0.78,N/A,time-not-supplied,VLGEA,"Village Super Market, Inc.","$372,705,077",Oct/2023,,N/A,,2023-12-05,0.78,,10/04/2023,Cash,$0.25,09/15/2023,10/05/2023,10/26/2023,USD,N/A,$14.94,N/A,,,
89,$0.78,25.81,time-not-supplied,JILL,"J. Jill, Inc.","$275,988,411",Oct/2023,$0.62,2,,2023-12-05,0.78,0.62,03/18/2019,Cash,$1.15,03/06/2019,03/19/2019,04/01/2019,USD,N/A,$14.94,N/A,,,
90,$0.01,N/A,time-not-supplied,OOMA,"Ooma, Inc.","$258,048,000",Oct/2023,$0.01,6,,2023-12-05,0.01,0.01,,,,,,,,,,,,,
91,$0.41,N/A,time-not-supplied,HG,"Hamilton Insurance Group, Ltd.",,Sep/2023,,N/A,,2023-12-05,0.41,,,,,,,,,,,,,,
92,$0.85,10.39,time-not-supplied,VEEV,Veeva Systems Inc.,"$27,785,372,184",Oct/2023,$0.77,12,,2023-12-06,0.85,0.77,,,,,,,,,,,,,
93,$0.50,N/A,time-not-supplied,BF.A,Brown Forman Corporation,"$26,796,449,223",Oct/2023,,N/A,,2023-12-06,0.50,,09/01/2023,Cash,$0.2055,07/27/2023,09/05/2023,10/02/2023,USD,N/A,$1.21,Clothing/Shoe/Accessory Stores,,,
94,$0.50,N/A,time-not-supplied,BF.B,Brown Forman Corporation,"$25,930,820,228",Oct/2023,$0.50,6,,2023-12-06,0.50,0.50,09/01/2023,Cash,$0.2055,07/27/2023,09/05/2023,10/02/2023,USD,N/A,$1.21,Clothing/Shoe/Accessory Stores,,,
95,$0.91,4.6,time-not-supplied,CPB,Campbell Soup Company,"$12,942,740,356",Oct/2023,$0.87,9,,2023-12-06,0.91,0.87,01/03/2024,Cash,$0.37,11/29/2023,01/04/2024,01/29/2024,USD,N/A,$1.21,Clothing/Shoe/Accessory Stores,,,
96,$0,100,time-not-supplied,CHWY,"Chewy, Inc.","$8,275,251,130",Oct/2023,($0.06),5,,2023-12-06,0,-0.06,,,,,,,,,,,,,
97,$0.99,13.79,time-not-supplied,THO,"Thor Industries, Inc.","$5,710,396,159",Oct/2023,$0.87,6,,2023-12-06,0.99,0.87,10/31/2023,Cash,$0.48,10/10/2023,11/01/2023,11/10/2023,USD,N/A,$1.21,Clothing/Shoe/Accessory Stores,,,
98,$0,100,time-not-supplied,GME,GameStop Corporation,"$4,998,214,193",Oct/2023,($0.12),3,,2023-12-06,0,-0.12,03/14/2019,Cash,$0.38,03/05/2019,03/15/2019,03/29/2019,USD,N/A,$1.21,Clothing/Shoe/Accessory Stores,,,
99,$0.51,13.33,time-not-supplied,OLLI,"Ollie's Bargain Outlet Holdings, Inc.","$4,501,163,237",Oct/2023,$0.45,8,,2023-12-06,0.51,0.45,,,,,,,,,,,,,
100,$1.56,N/A,time-not-supplied,GEF.B,"Greif, Inc.","$3,156,554,894",Oct/2023,,N/A,,2023-12-06,1.56,,12/15/2023,Cash,$0.77,12/05/2023,12/18/2023,01/01/2024,USD,N/A,$1.21,Clothing/Shoe/Accessory Stores,,,
101,$1.56,20,time-not-supplied,GEF,"Greif, Inc.","$3,151,406,302",Oct/2023,$1.30,3,,2023-12-06,1.56,1.30,12/15/2023,Cash,$0.52,12/05/2023,12/18/2023,01/01/2024,USD,N/A,$1.21,Clothing/Shoe/Accessory Stores,,,
102,$0.06,200,time-not-supplied,CXM,"Sprinklr, Inc.","$3,042,922,932",Oct/2023,$0.02,7,,2023-12-06,0.06,0.02,,,,,,,,,,,,,
103,$0.97,1.04,time-not-supplied,KFY,Korn Ferry ,"$2,840,252,456",Oct/2023,$0.96,2,,2023-12-06,0.97,0.96,12/20/2023,Cash,$0.33,12/05/2023,12/21/2023,01/12/2024,USD,N/A,$1.21,Clothing/Shoe/Accessory Stores,,,
104,$0.40,29.03,time-not-supplied,VRNT,Verint Systems Inc.,"$1,802,242,413",Oct/2023,$0.31,3,,2023-12-06,0.40,0.31,,,,,,,,,,,,,
105,$0.73,N/A,time-not-supplied,WLY,"John Wiley & Sons, Inc.","$1,672,821,367",Oct/2023,,N/A,,2023-12-06,0.73,,10/06/2023,Cash,$0.35,09/28/2023,10/10/2023,10/25/2023,USD,N/A,$1.21,Clothing/Shoe/Accessory Stores,,,
106,$0.73,N/A,time-not-supplied,WLYB,"John Wiley & Sons, Inc.","$1,640,248,278",Oct/2023,,N/A,,2023-12-06,0.73,,04/04/2022,Cash,$0.345,03/24/2022,04/05/2022,04/20/2022,USD,N/A,$1.21,Clothing/Shoe/Accessory Stores,,,
107,$1.01,4.12,time-not-supplied,OXM,"Oxford Industries, Inc.","$1,482,527,798",Oct/2023,$0.97,4,,2023-12-06,1.01,0.97,01/18/2024,Cash,$0.65,12/06/2023,01/19/2024,02/02/2024,USD,N/A,$1.21,Clothing/Shoe/Accessory Stores,,,
108,$0.14,N/A,time-not-supplied,NAPA,"The Duckhorn Portfolio, Inc.","$1,036,002,035",Oct/2023,$0.14,3,,2023-12-06,0.14,0.14,,,,,,,,,,,,,
109,$0.40,N/A,time-not-supplied,AGX,"Argan, Inc.","$557,504,634",Oct/2023,,N/A,,2023-12-06,0.40,,10/20/2023,Cash,$0.30,09/19/2023,10/23/2023,10/31/2023,USD,N/A,$1.21,Clothing/Shoe/Accessory Stores,,,
110,$0.19,111.11,time-not-supplied,VRA,"Vera Bradley, Inc.","$227,195,012",Oct/2023,$0.09,2,,2023-12-06,0.19,0.09,,,,,,,,,,,,,
111,$0.17,N/A,time-not-supplied,VBNK,VersaBank,"$212,927,664",Oct/2023,$0.32,1,,2023-12-06,0.17,0.32,10/05/2023,Cash,$0.01824,08/29/2023,10/06/2023,10/31/2023,USD,N/A,$1.21,Clothing/Shoe/Accessory Stores,,,
112,$0.16,N/A,time-not-supplied,DLHC,DLH Holdings Corp.,"$195,711,563",Sep/2023,,N/A,,2023-12-06,0.16,,,,,,,,,,,,,,
113,$0.34,25.93,time-not-supplied,LAKE,"Lakeland Industries, Inc.","$112,533,486",Oct/2023,$0.27,1,,2023-12-06,0.34,0.27,11/14/2023,Cash,$0.03,11/01/2023,11/15/2023,11/22/2023,USD,N/A,$1.21,Clothing/Shoe/Accessory Stores,,,
114,$0.37,N/A,time-not-supplied,ALOT,"AstroNova, Inc.","$110,924,420",Oct/2023,,N/A,,2023-12-06,0.37,,03/25/2020,Cash,$0.07,03/10/2020,03/26/2020,04/02/2020,USD,N/A,$1.21,Clothing/Shoe/Accessory Stores,,,
115,$0.55,N/A,time-not-supplied,BNED,"Barnes & Noble Education, Inc","$66,935,828",Oct/2023,,N/A,,2023-12-06,0.55,,,,,,,,,,,,,,
116,$0.93,N/A,time-not-supplied,KEQU,Kewaunee Scientific Corporation,"$66,184,302",Oct/2023,,N/A,,2023-12-06,0.93,,09/09/2019,Cash,$0.19,08/28/2019,09/10/2019,09/24/2019,USD,N/A,$1.21,Clothing/Shoe/Accessory Stores,,,
117,$0.15,N/A,time-not-supplied,PATI,"Patriot Transportation Holding, Inc.","$56,494,353",Sep/2023,,N/A,,2023-12-06,0.15,,11/16/2021,Cash,$3.75,10/25/2021,11/08/2021,11/15/2021,USD,N/A,$1.21,Clothing/Shoe/Accessory Stores,,,
118,$0.17,N/A,time-not-supplied,HNNA,"Hennessy Advisors, Inc.","$49,185,451",Sep/2023,,N/A,,2023-12-06,0.17,,11/10/2023,Cash,$0.1375,10/26/2023,11/13/2023,11/27/2023,USD,N/A,$1.21,Clothing/Shoe/Accessory Stores,,,
119,$0.15,N/A,time-not-supplied,VNCE,Vince Holding Corp.,"$15,115,471",Oct/2023,,N/A,,2023-12-06,0.15,,,,,,,,,,,,,,
120,$9.80,0.93,time-not-supplied,AVGO,Broadcom Inc.,"$380,649,445,919",Oct/2023,$9.71,11,,2023-12-07,9.80,9.71,09/20/2023,Cash,$4.60,08/30/2023,09/21/2023,09/29/2023,USD,1.52%,$1.35,Real Estate Investment Trusts,,,
121,$2.53,11.45,time-not-supplied,LULU,lululemon athletica inc.,"$56,422,686,251",Oct/2023,$2.27,16,,2023-12-07,2.53,2.27,,,,,,,,,,,,,
122,$1.26,5.88,time-not-supplied,DG,Dollar General Corporation,"$29,036,740,553",Oct/2023,$1.19,21,,2023-12-07,1.26,1.19,01/08/2024,Cash,$0.59,12/06/2023,01/09/2024,01/23/2024,USD,1.52%,$1.35,Real Estate Investment Trusts,,,
123,$3.47,N/A,time-not-supplied,COO,"The Cooper Companies, Inc. ","$17,083,355,197",Oct/2023,$3.47,9,,2023-12-07,3.47,3.47,07/26/2023,Cash,$0.03,07/11/2023,07/27/2023,08/11/2023,USD,1.52%,$1.35,Real Estate Investment Trusts,,,
124,$0.22,214.29,time-not-supplied,DOCU,"DocuSign, Inc.","$9,640,049,042",Oct/2023,$0.07,8,,2023-12-07,0.22,0.07,,,,,,,,,,,,,
125,$0.56,12,time-not-supplied,CIEN,Ciena Corporation,"$6,846,579,460",Oct/2023,$0.50,8,,2023-12-07,0.56,0.50,,,,,,,,,,,,,
126,$0.47,N/A,time-not-supplied,FIZZ,National Beverage Corp.,"$4,605,160,022",Oct/2023,,N/A,,2023-12-07,0.47,,12/10/2021,Cash,$3.00,12/02/2021,12/13/2021,12/29/2021,USD,1.52%,$1.35,Real Estate Investment Trusts,,,
127,$2.30,2.68,time-not-supplied,GMS,GMS Inc.,"$2,836,642,683",Oct/2023,$2.24,3,,2023-12-07,2.30,2.24,06/11/2009,Cash,$0.46875,N/A,06/15/2009,07/01/2009,USD,1.52%,$1.35,Real Estate Investment Trusts,,,
128,$1.74,N/A,time-not-supplied,IESC,"IES Holdings, Inc.","$1,508,310,951",Sep/2023,,N/A,,2023-12-07,1.74,,,,,,,,,,,,,,
129,$0.06,-33.33,time-not-supplied,MEI,"Methode Electronics, Inc.","$796,890,943",Oct/2023,$0.09,1,,2023-12-07,0.06,0.09,01/11/2024,Cash,$0.14,12/06/2023,01/12/2024,01/26/2024,USD,1.52%,$1.35,Real Estate Investment Trusts,,,
130,$0.14,N/A,time-not-supplied,SWBI,"Smith & Wesson Brands, Inc.","$640,079,015",Oct/2023,,N/A,,2023-12-07,0.14,,09/20/2023,Cash,$0.12,09/07/2023,09/21/2023,10/05/2023,USD,1.52%,$1.35,Real Estate Investment Trusts,,,
131,$0.26,N/A,time-not-supplied,LQDT,"Liquidity Services, Inc.","$526,353,188",Sep/2023,,N/A,,2023-12-07,0.26,,,,,,,,,,,,,,
132,$0.01,N/A,time-not-supplied,WDH,Waterdrop Inc.,"$472,477,833",Sep/2023,,N/A,,2023-12-07,0.01,,,,,,,,,,,,,,
133,$0.18,-10,time-not-supplied,CMTL,Comtech Telecommunications Corp.,"$351,593,725",Oct/2023,$0.20,3,,2023-12-07,0.18,0.20,01/17/2023,Cash,$0.10,12/08/2022,01/18/2023,02/17/2023,USD,1.52%,$1.35,Real Estate Investment Trusts,,,
134,$0.65,150,time-not-supplied,HOFT,Hooker Furnishings Corporation,"$238,231,387",Oct/2023,$0.26,2,,2023-12-07,0.65,0.26,12/14/2023,Cash,$0.23,12/05/2023,12/15/2023,12/29/2023,USD,1.52%,$1.35,Real Estate Investment Trusts,,,
135,$0.03,200,time-not-supplied,DOYU,DouYu International Holdings Limited,"$236,314,944",Sep/2023,$0.01,1,,2023-12-07,0.03,0.01,,,,,,,,,,,,,
136,$1.73,N/A,time-not-supplied,UONEK,"Urban One, Inc. ","$131,874,549",Jun/2023,,N/A,,2023-12-07,1.73,,,,,,,,,,,,,,
137,$0.22,N/A,time-not-supplied,UONEK,"Urban One, Inc. ","$131,874,549",Sep/2023,,N/A,,2023-12-07,0.22,,,,,,,,,,,,,,
138,$0.01,-90.91,time-not-supplied,DLNG,Dynagas LNG Partners LP,"$100,646,785",Sep/2023,$0.11,1,,2023-12-07,0.01,0.11,05/02/2019,Cash,$0.0625,04/25/2019,05/03/2019,05/10/2019,USD,1.52%,$1.35,Real Estate Investment Trusts,,,
139,$1.73,N/A,time-not-supplied,UONE,"Urban One, Inc. ","$37,739,563",Jun/2023,,N/A,,2023-12-07,1.73,,,,,,,,,,,,,,
140,$0.22,N/A,time-not-supplied,UONE,"Urban One, Inc. ","$37,739,563",Sep/2023,,N/A,,2023-12-07,0.22,,,,,,,,,,,,,,
141,$0.01,N/A,time-not-supplied,IHT,InnSuites Hospitality Trust,"$12,158,378",Oct/2023,,N/A,,2023-12-07,0.01,,07/19/2023,Cash,$0.01,07/12/2023,07/20/2023,07/31/2023,USD,1.52%,$1.35,Real Estate Investment Trusts,,,
142,$0.38,N/A,time-not-supplied,MOMO,Hello Group Inc. ,"$1,238,350,838",Sep/2023,$0.38,1,,2023-12-08,0.38,0.38,04/27/2023,Cash,$0.72,03/16/2023,04/28/2023,05/22/2023,USD,N/A,$3.665,Electrical Products,,,
143,$0.62,58.97,time-not-supplied,VIRC,Virco Manufacturing Corporation,"$114,594,671",Oct/2023,$0.39,1,,2023-12-08,0.62,0.39,12/26/2018,Cash,$0.015,12/11/2018,12/27/2018,01/10/2019,USD,N/A,$3.665,Electrical Products,,,
144,$0.24,N/A,time-not-supplied,PPIH,"Perma-Pipe International Holdings, Inc.","$56,121,966",Oct/2023,,N/A,,2023-12-08,0.24,,,,,,,,,,,,,,
145,$0,N/A,time-not-supplied,SGMA,"SigmaTron International, Inc.","$22,335,565",Oct/2023,,N/A,,2023-12-08,0,,,,,,,,,,,,,,
146,,,time-after-hours,ORCL,Oracle Corporation,"$309,243,596,270",Nov/2023,$1.05,3,,2023-12-11,0,1.05,10/11/2023,Cash,$0.40,09/11/2023,10/12/2023,10/26/2023,USD,N/A,$1.47,N/A,,N/A,$0.95
147,,,time-after-hours,CASY,"Caseys General Stores, Inc.","$10,235,281,577",Oct/2023,$3.65,5,,2023-12-11,0,3.65,10/31/2023,Cash,$0.43,09/07/2023,11/01/2023,11/15/2023,USD,N/A,$1.47,N/A,,12/06/2022,$3.67
148,,,time-not-supplied,KEP,Korea Electric Power Corporation,"$9,629,461,155",Sep/2023,,3,,2023-12-11,0,,12/30/2020,Cash,$0.543138,N/A,12/31/2020,04/28/2021,USD,N/A,$1.47,N/A,,N/A,($3.44)
149,,,time-after-hours,BLBD,Blue Bird Corporation,"$683,109,491",Sep/2023,$0.46,3,,2023-12-11,0,0.46,,,,,,,,,,,,N/A,($0.67)
150,,,time-not-supplied,VALU,"Value Line, Inc.","$453,305,676",Oct/2023,,3,,2023-12-11,0,,10/27/2023,Cash,$0.28,10/20/2023,10/30/2023,11/09/2023,USD,N/A,$1.47,N/A,,N/A,$0.46
151,,,time-not-supplied,LANV,Lanvin Group Holdings Limited,"$434,823,952",Sep/2023,,3,,2023-12-11,0,,,,,,,,,,,,,N/A,$0.08
152,,,time-not-supplied,QD,Qudian Inc.,"$425,010,776",Sep/2023,,3,,2023-12-11,0,,,,,,,,,,,,,N/A,($0.37)
153,,,time-after-hours,ODC,Oil-Dri Corporation Of America,"$416,804,071",Oct/2023,,3,,2023-12-11,0,,08/10/2023,Cash,$0.29,06/08/2023,08/11/2023,08/25/2023,USD,N/A,$1.47,N/A,,N/A,$0.78
154,,,time-not-supplied,MRDB,MariaDB plc,"$239,598,286",Sep/2023,,3,,2023-12-11,0,,,,,,,,,,,,,N/A,N/A
155,,,time-not-supplied,VZLA,Vizsla Silver Corp.,"$239,135,391",Oct/2023,($0.01),3,,2023-12-11,0,-0.01,,,,,,,,,,,,N/A,($0.01)
156,,,time-not-supplied,SHAP,Spree Acquisition Corp. 1 Limited,"$228,727,207",Sep/2023,,3,,2023-12-11,0,,,,,,,,,,,,,N/A,($0.03)
157,,,time-not-supplied,LATG,Chenghe Acquisition I Co.,"$178,912,500",Sep/2023,,3,,2023-12-11,0,,,,,,,,,,,,,N/A,($0.05)
158,,,time-not-supplied,ATNM,"Actinium Pharmaceuticals, Inc.","$145,291,237",Sep/2023,($0.54),3,,2023-12-11,0,-0.54,,,,,,,,,,,,11/14/2022,($0.38)
159,,,time-not-supplied,OPA,Magnum Opus Acquisition Limited,"$124,415,605",Sep/2023,,3,,2023-12-11,0,,,,,,,,,,,,,N/A,($0.08)
160,,,time-not-supplied,OTLK,"Outlook Therapeutics, Inc.","$115,080,346",Sep/2023,($0.06),3,,2023-12-11,0,-0.06,,,,,,,,,,,,12/29/2022,N/A
161,,,time-not-supplied,VIRC,Virco Manufacturing Corporation,"$114,594,671",Oct/2023,$0.39,1,,2023-12-11,0,0.39,12/26/2018,Cash,$0.015,12/11/2018,12/27/2018,01/10/2019,USD,N/A,$1.47,N/A,,12/12/2022,$0.48
162,,,time-not-supplied,VERU,Veru Inc.,"$102,919,700",Sep/2023,($0.20),3,,2023-12-11,0,-0.20,04/28/2014,Cash,$0.07,03/24/2014,04/30/2014,05/07/2014,USD,N/A,$1.47,N/A,,12/05/2022,($0.51)
163,,,time-not-supplied,AXR,AMREP Corporation,"$100,154,871",Oct/2023,,3,,2023-12-11,0,,08/08/2007,Cash,$1.00,07/16/2007,08/10/2007,08/24/2007,USD,N/A,$1.47,N/A,,N/A,$0.68
164,,,time-not-supplied,SJ,Scienjoy Holding Corporation,"$99,851,432",Sep/2023,,3,,2023-12-11,0,,,,,,,,,,,,,N/A,$0.07
165,,,time-after-hours,NOTV,"Inotiv, Inc.","$79,926,500",Sep/2023,$0.11,1,,2023-12-11,0,0.11,,,,,,,,,,,,1/10/2023,($0.09)
166,,,time-not-supplied,OCCI,"OFS Credit Company, Inc.","$78,179,112",Oct/2023,,N/A,,2023-12-11,0,,01/23/2024,Cash,$0.10,11/28/2023,01/24/2024,01/31/2024,USD,N/A,$1.47,N/A,,12/12/2022,$0.43
167,,,time-not-supplied,IRAA,Iris Acquisition Corp,"$75,477,270",Sep/2023,,3,,2023-12-11,0,,,,,,,,,,,,,N/A,N/A
168,,,time-not-supplied,ENZ,"Enzo Biochem, Inc.","$61,092,622",Oct/2023,,3,,2023-12-11,0,,,,,,,,,,,,,N/A,($0.18)
169,,,time-not-supplied,YS,"YS Biopharma Co., Ltd.","$50,605,049",Sep/2023,,3,,2023-12-11,0,,,,,,,,,,,,,N/A,$0.22
170,,,time-not-supplied,LIBY,Liberty Resources Acquisition Corp.,"$47,354,143",Sep/2023,,3,,2023-12-11,0,,,,,,,,,,,,,N/A,N/A
171,,,time-not-supplied,MMV,MultiMetaVerse Holdings Limited,"$41,311,137",Sep/2023,,3,,2023-12-11,0,,,,,,,,,,,,,N/A,($0.05)
172,,,time-not-supplied,XELA,"Exela Technologies, Inc.","$21,323,932",Sep/2023,,3,,2023-12-11,0,,,,,,,,,,,,,N/A,($99.99)
173,,,time-not-supplied,EVAX,Evaxion Biotech A/S,"$16,632,055",Sep/2023,,N/A,,2023-12-11,0,,,,,,,,,,,,,11/14/2022,($0.24)
174,,,time-not-supplied,MBOT,Microbot Medical Inc. ,"$14,282,926",Sep/2023,($0.25),1,,2023-12-11,0,-0.25,,,,,,,,,,,,11/14/2022,($0.49)
175,,,time-not-supplied,BIMI,BIMI International Medical Inc.,"$13,047,346",Sep/2023,,3,,2023-12-11,0,,,,,,,,,,,,,N/A,($1.60)
176,,,time-not-supplied,MSN,Emerson Radio Corporation,"$11,668,150",Sep/2023,,3,,2023-12-11,0,,10/01/2014,Cash,$0.70,08/22/2014,09/12/2014,09/30/2014,USD,N/A,$1.47,N/A,,N/A,($0.01)
177,,,time-not-supplied,CSSE,"Chicken Soup for the Soul Entertainment, Inc.","$9,100,859",Sep/2023,($1.21),1,,2023-12-11,0,-1.21,08/03/2018,Cash,$0.45,07/27/2018,08/06/2018,08/10/2018,USD,N/A,$1.47,N/A,,11/14/2022,($1.13)
178,,,time-not-supplied,TPET,Trio Petroleum Corp.,"$9,093,805",Oct/2023,,3,,2023-12-11,0,,,,,,,,,,,,,N/A,N/A
179,,,time-not-supplied,TRKA,"Troika Media Group, Inc.","$8,965,427",Sep/2023,,3,,2023-12-11,0,,,,,,,,,,,,,N/A,$0.25
180,,,time-not-supplied,NIR,"Near Intelligence, Inc.","$8,279,280",Sep/2023,,3,,2023-12-11,0,,,,,,,,,,,,,N/A,N/A
181,,,time-not-supplied,MEDS,"TRxADE HEALTH, Inc.","$7,732,323",Sep/2023,,N/A,,2023-12-11,0,,,,,,,,,,,,,11/07/2022,($0.90)
182,,,time-not-supplied,ALZN,"Alzamend Neuro, Inc.","$7,177,987",Oct/2023,,3,,2023-12-11,0,,,,,,,,,,,,,N/A,($0.45)
183,,,time-not-supplied,FUV,"Arcimoto, Inc.","$6,714,496",Sep/2023,,3,,2023-12-11,0,,,,,,,,,,,,,N/A,($7.60)
184,,,time-not-supplied,MI,NFT Limited,"$6,197,063",Sep/2023,,3,,2023-12-11,0,,,,,,,,,,,,,N/A,$0.01
185,,,time-not-supplied,XCUR,"Exicure, Inc.","$3,479,205",Sep/2023,,3,,2023-12-11,0,,,,,,,,,,,,,N/A,($1.04)
186,,,time-not-supplied,STAF,"Staffing 360 Solutions, Inc.","$3,468,612",Sep/2023,($0.31),1,,2023-12-11,0,-0.31,12/12/2019,Cash,$0.01,N/A,12/14/2019,12/27/2019,USD,N/A,$1.47,N/A,,11/21/2022,$0.43
187,,,time-not-supplied,WTER,The Alkaline Water Company Inc.,"$3,329,758",Sep/2023,,N/A,,2023-12-11,0,,,,,,,,,,,,,11/14/2022,($0.90)
188,,,time-not-supplied,NCPL,Netcapital Inc.,"$3,185,906",Oct/2023,,3,,2023-12-11,0,,,,,,,,,,,,,N/A,$0.04
189,,,time-not-supplied,SONN,"Sonnet BioTherapeutics Holdings, Inc.","$2,748,286",Sep/2023,,3,,2023-12-11,0,,,,,,,,,,,,,N/A,N/A
190,,,time-not-supplied,VTAK,"Catheter Precision, Inc.","$2,474,497",Sep/2023,,N/A,,2023-12-11,0,,,,,,,,,,,,,11/14/2022,($3.86)
191,,,time-not-supplied,JAN,JanOne Inc.,"$2,320,178",Sep/2023,,3,,2023-12-11,0,,,,,,,,,,,,,N/A,($0.66)
192,,,time-not-supplied,FOXO,FOXO Technologies Inc.,"$2,057,221",Sep/2023,,3,,2023-12-11,0,,,,,,,,,,,,,N/A,$67
193,,,time-not-supplied,IONM,Assure Holdings Corp.,"$1,412,434",Sep/2023,,3,,2023-12-11,0,,,,,,,,,,,,,N/A,($1.80)
194,,,time-not-supplied,NVNI,Nvni Group Limited,,Sep/2023,,3,,2023-12-11,0,,,,,,,,,,,,,N/A,N/A
195,,,time-not-supplied,BHP,BHP Group Limited,"$317,487,786,543",Sep/2023,,N/A,,2023-12-12,0,,09/07/2023,Cash,$1.60,08/22/2023,09/08/2023,09/28/2023,USD,N/A,$0.5861,Durable Goods,,N/A,N/A
196,,,time-pre-market,JCI,Johnson Controls International plc,"$37,757,761,887",Sep/2023,$1.09,7,,2023-12-12,0,1.09,12/15/2023,Cash,$0.37,12/06/2023,12/18/2023,01/12/2024,USD,N/A,$0.5861,Durable Goods,,11/03/2022,$0.99
197,,,time-not-supplied,SATX,SatixFy Communications Ltd.,"$34,850,595,168",Sep/2023,,N/A,,2023-12-12,0,,,,,,,,,,,,,N/A,N/A
198,,,time-not-supplied,CD,Chindata Group Holdings Limited,"$3,102,248,572",Sep/2023,$0.09,1,,2023-12-12,0,0.09,,,,,,,,,,,,11/22/2022,$0.10
199,,,time-not-supplied,EPIX,ESSA Pharma Inc.,"$242,113,600",Sep/2023,($0.22),4,,2023-12-12,0,-0.22,,,,,,,,,,,,12/13/2022,($0.14)
200,,,time-not-supplied,MESO,Mesoblast Limited,"$179,005,622",Sep/2023,($0.13),1,,2023-12-12,0,-0.13,,,,,,,,,,,,11/22/2022,($0.12)
201,,,time-after-hours,MAMA,"Mama's Creations, Inc.","$142,284,870",Oct/2023,$0.04,1,,2023-12-12,0,0.04,,,,,,,,,,,,12/12/2022,$0.03
202,,,time-not-supplied,CSPI,CSP Inc.,"$115,778,262",Sep/2023,,N/A,,2023-12-12,0,,08/22/2023,Cash,$0.04,08/09/2023,08/23/2023,09/12/2023,USD,N/A,$0.5861,Durable Goods,,N/A,$0.31
203,,,time-not-supplied,RFAC,RF Acquisition Corp.,"$76,642,898",Sep/2023,,N/A,,2023-12-12,0,,,,,,,,,,,,,N/A,N/A
204,,,time-after-hours,CSBR,"Champions Oncology, Inc.","$66,991,698",Oct/2023,($0.17),1,,2023-12-12,0,-0.17,,,,,,,,,,,,12/13/2022,N/A
205,,,time-not-supplied,CONN,"Conn's, Inc.","$62,795,685",Oct/2023,($1.48),1,,2023-12-12,0,-1.48,,,,,,,,,,,,12/06/2022,($0.78)
206,,,time-not-supplied,GLST,"Global Star Acquisition, Inc.","$61,644,401",Sep/2023,,N/A,,2023-12-12,0,,,,,,,,,,,,,N/A,N/A
207,,,time-not-supplied,INCR,Intercure Ltd.,"$58,788,768",Sep/2023,,N/A,,2023-12-12,0,,,,,,,,,,,,,N/A,$0.05
208,,,time-not-supplied,PPIH,"Perma-Pipe International Holdings, Inc.","$56,121,966",Oct/2023,,N/A,,2023-12-12,0,,,,,,,,,,,,,N/A,$0.21
209,,,time-not-supplied,NM,Navios Maritime Holdings Inc.,"$51,397,735",Sep/2023,,N/A,,2023-12-12,0,,09/16/2015,Cash,$0.06,08/17/2015,09/18/2015,09/25/2015,USD,N/A,$0.5861,Durable Goods,,N/A,$1.86
210,,,time-after-hours,LPTV,"Loop Media, Inc.","$49,279,640",Sep/2023,($0.13),N/A,,2023-12-12,0,-0.13,,,,,,,,,,,,N/A,($0.23)
211,,,time-not-supplied,RFL,"Rafael Holdings, Inc.","$44,111,943",Oct/2023,,N/A,,2023-12-12,0,,05/19/2010,Cash,$12.818541,05/27/2010,05/21/2010,05/28/2010,USD,N/A,$0.5861,Durable Goods,,N/A,($0.22)
212,,,time-not-supplied,DZSI,DZS Inc.,"$40,507,711",Sep/2023,$0.08,3,,2023-12-12,0,0.08,,,,,,,,,,,,11/01/2022,($0.09)
213,,,time-not-supplied,KRRO,"Korro Bio, Inc.","$35,087,370",Sep/2023,($2.41),1,,2023-12-12,0,-2.41,,,,,,,,,,,,11/08/2022,($27.50)
214,,,time-not-supplied,VHC,VirnetX Holding Corp,"$29,671,134",Sep/2023,,N/A,,2023-12-12,0,,04/18/2023,Cash,$1.00,03/30/2023,04/10/2023,04/17/2023,USD,N/A,$0.5861,Durable Goods,,N/A,($1.20)
215,,,time-not-supplied,ZDGE,"Zedge, Inc.","$28,709,146",Oct/2023,,N/A,,2023-12-12,0,,,,,,,,,,,,,N/A,($0.01)
216,,,time-not-supplied,RDHL,Redhill Biopharma Ltd.,"$25,183,530",Sep/2023,,N/A,,2023-12-12,0,,,,,,,,,,,,,N/A,($22.40)
217,,,time-after-hours,EMKR,EMCORE Corporation,"$24,724,258",Sep/2023,($0.14),1,,2023-12-12,0,-0.14,08/01/2016,Cash,$1.50,07/05/2016,07/18/2016,07/29/2016,USD,N/A,$0.5861,Durable Goods,,12/20/2022,($0.33)
218,,,time-not-supplied,AIH,Aesthetic Medical International Holdings Group Ltd.,"$19,586,384",Sep/2023,,N/A,,2023-12-12,0,,,,,,,,,,,,,N/A,($0.01)
219,,,time-not-supplied,ARVL,Arrival,"$19,382,968",Sep/2023,,N/A,,2023-12-12,0,,,,,,,,,,,,,N/A,($6.50)
220,,,time-not-supplied,TEDU,"Tarena International, Inc.","$10,647,242",Sep/2023,,N/A,,2023-12-12,0,,04/04/2018,Cash,$0.12,03/23/2018,04/05/2018,06/15/2018,USD,N/A,$0.5861,Durable Goods,,N/A,$0.34
221,,,time-not-supplied,GNLN,"Greenlane Holdings, Inc.","$1,556,805",Sep/2023,($2.70),1,,2023-12-12,0,-2.70,,,,,,,,,,,,11/15/2022,($99.99)
222,,,time-after-hours,ADBE,Adobe Inc.,"$277,177,534,000",Nov/2023,$3.32,12,,2023-12-13,0,3.32,03/20/2003,Cash,$0.0125,N/A,03/20/2003,N/A,USD,N/A,$1.49,Military/Government/Technical,,12/15/2022,$2.78
223,,,time-after-hours,NDSN,Nordson Corporation,"$13,745,054,936",Oct/2023,$2.40,5,,2023-12-13,0,2.40,12/18/2023,Cash,$0.68,12/06/2023,12/19/2023,01/02/2024,USD,N/A,$1.49,Military/Government/Technical,,12/14/2022,$2.44
224,,,time-not-supplied,SKM,"SK Telecom Co., Ltd.","$4,663,334,298",Sep/2023,,N/A,,2023-12-13,0,,06/29/2023,Cash,$0.349223,06/09/2023,06/30/2023,08/18/2023,USD,N/A,$1.49,Military/Government/Technical,,11/09/2022,$0.09
225,,,time-pre-market,ABM,ABM Industries Incorporated,"$2,857,201,914",Oct/2023,$0.93,5,,2023-12-13,0,0.93,10/04/2023,Cash,$0.22,09/07/2023,10/05/2023,11/06/2023,USD,N/A,$1.49,Military/Government/Technical,,N/A,$0.89
226,,,time-pre-market,PLAB,"Photronics, Inc.","$1,307,889,009",Oct/2023,$0.53,1,,2023-12-13,0,0.53,,,,,,,,,,,,12/13/2022,$0.60
227,,,time-pre-market,REVG,"REV Group, Inc.","$975,041,719",Oct/2023,$0.34,1,,2023-12-13,0,0.34,09/28/2023,Cash,$0.05,09/13/2023,09/29/2023,10/13/2023,USD,N/A,$1.49,Military/Government/Technical,,12/14/2022,$0.25
228,,,time-not-supplied,SDA,SunCar Technology Group Inc.,"$706,058,136",Sep/2023,,5,,2023-12-13,0,,,,,,,,,,,,,N/A,($0.02)
229,,,time-not-supplied,RICK,"RCI Hospitality Holdings, Inc.","$586,004,824",Sep/2023,$0.92,2,,2023-12-13,0,0.92,12/14/2023,Cash,$0.06,12/04/2023,12/15/2023,12/29/2023,USD,N/A,$1.49,Military/Government/Technical,,12/14/2022,$1.45
230,,,time-not-supplied,IREN,Iris Energy Limited,"$389,795,055",Sep/2023,$0.03,5,,2023-12-13,0,0.03,,,,,,,,,,,,N/A,N/A
231,,,time-pre-market,CGNT,Cognyte Software Ltd.,"$377,931,600",Oct/2023,,N/A,,2023-12-13,0,,,,,,,,,,,,,12/20/2022,($0.41)
232,,,time-not-supplied,UROY,Uranium Royalty Corp.,"$284,045,546",Oct/2023,,N/A,,2023-12-13,0,,,,,,,,,,,,,12/14/2022,($0.02)
233,,,time-not-supplied,MSB,Mesabi Trust,"$242,326,584",Oct/2023,,5,,2023-12-13,0,,10/27/2023,Cash,$0.35,10/13/2023,10/30/2023,11/20/2023,USD,N/A,$1.49,Military/Government/Technical,,N/A,N/A
234,,,time-not-supplied,INSE,"Inspired Entertainment, Inc.","$213,853,078",Sep/2023,$0.32,1,,2023-12-13,0,0.32,,,,,,,,,,,,11/09/2022,$0.35
235,,,time-not-supplied,ISSC,"Innovative Solutions and Support, Inc.","$133,992,883",Sep/2023,,5,,2023-12-13,0,,12/18/2020,Cash,$0.50,12/10/2020,12/21/2020,12/30/2020,USD,N/A,$1.49,Military/Government/Technical,,N/A,$0.10
236,,,time-not-supplied,XBIT,XBiotech Inc.,"$127,226,509",Sep/2023,,5,,2023-12-13,0,,07/15/2021,Cash,$2.50,07/06/2021,07/16/2021,07/23/2021,USD,N/A,$1.49,Military/Government/Technical,,N/A,($0.42)
237,,,time-not-supplied,BANX,ArrowMark Financial Corp.,"$121,525,930",Sep/2023,,5,,2023-12-13,0,,10/19/2023,Cash,$0.42,09/15/2023,10/20/2023,10/27/2023,USD,N/A,$1.49,Military/Government/Technical,,N/A,$0.46
238,,,time-pre-market,QSG,QuantaSing Group Limited,"$107,651,996",Sep/2023,($0.01),5,,2023-12-13,0,-0.01,,,,,,,,,,,,N/A,N/A
239,,,time-after-hours,ASYS,"Amtech Systems, Inc.","$95,771,292",Sep/2023,$0.09,1,,2023-12-13,0,0.09,,,,,,,,,,,,11/30/2022,$0.30
240,,,time-not-supplied,MLGO,"MicroAlgo, Inc.","$89,906,255",Sep/2023,,5,,2023-12-13,0,,,,,,,,,,,,,N/A,N/A
241,,,time-not-supplied,TUP,Tupperware Brands Corporation,"$85,598,242",Sep/2023,,N/A,,2023-12-13,0,,09/17/2019,Cash,$0.27,08/08/2019,09/18/2019,10/04/2019,USD,N/A,$1.49,Military/Government/Technical,,11/02/2022,$0.14
242,,,time-not-supplied,BCTX,BriaCell Therapeutics Corp.,"$78,278,493",Oct/2023,($0.18),1,,2023-12-13,0,-0.18,,,,,,,,,,,,12/14/2022,($0.07)
243,,,time-not-supplied,VIOT,"Viomi Technology Co., Ltd","$60,835,577",Sep/2023,,5,,2023-12-13,0,,03/27/2019,Cash,$0.10,03/18/2019,03/28/2019,04/05/2019,USD,N/A,$1.49,Military/Government/Technical,,N/A,($0.16)
244,,,time-not-supplied,STCN,"Steel Connect, Inc.","$59,350,668",Oct/2023,,5,,2023-12-13,0,,,,,,,,,,,,,N/A,$0.56
245,,,time-not-supplied,BYFC,Broadway Financial Corporation,"$58,455,803",Sep/2023,,5,,2023-12-13,0,,03/28/2003,Cash,$0.0375,N/A,03/28/2003,N/A,USD,N/A,$1.49,Military/Government/Technical,,N/A,$0.16
246,,,time-not-supplied,ICLK,iClick Interactive Asia Group Limited,"$37,334,058",Sep/2023,,5,,2023-12-13,0,,,,,,,,,,,,,N/A,($0.10)
247,,,time-not-supplied,GNS,Genius Group Limited,"$28,554,931",Sep/2023,,N/A,,2023-12-13,0,,,,,,,,,,,,,11/30/2022,($0.10)
248,,,time-not-supplied,QMCO,Quantum Corporation,"$24,710,558",Sep/2023,($0.08),3,,2023-12-13,0,-0.08,,,,,,,,,,,,11/02/2022,($0.03)
249,,,time-after-hours,OPTT,"Ocean Power Technologies, Inc.","$20,205,290",Oct/2023,,5,,2023-12-13,0,,,,,,,,,,,,,N/A,($0.09)
250,,,time-not-supplied,SLNA,Selina Hospitality PLC,"$20,192,324",Sep/2023,($0.30),5,,2023-12-13,0,-0.30,,,,,,,,,,,,N/A,N/A
251,,,time-not-supplied,PMCB,"PharmaCyte  Biotech, Inc.","$19,750,727",Oct/2023,,5,,2023-12-13,0,,,,,,,,,,,,,N/A,($0.09)
252,,,time-not-supplied,VIAO,VIA optronics AG,"$18,618,300",Sep/2023,,5,,2023-12-13,0,,,,,,,,,,,,,N/A,$0.05
253,,,time-not-supplied,STRM,"Streamline Health Solutions, Inc.","$18,257,472",Oct/2023,,5,,2023-12-13,0,,,,,,,,,,,,,N/A,($0.07)
254,,,time-not-supplied,LMDX,LumiraDx Limited,"$16,530,773",Sep/2023,,N/A,,2023-12-13,0,,,,,,,,,,,,,11/09/2022,($0.47)
255,,,time-not-supplied,AAMC,Altisource Asset Management Corp,"$14,401,138",Sep/2023,,5,,2023-12-13,0,,,,,,,,,,,,,N/A,($1.32)
256,,,time-not-supplied,BNRG,Brenmiller Energy Ltd,"$12,712,587",Sep/2023,,5,,2023-12-13,0,,,,,,,,,,,,,N/A,($1.80)
257,,,time-not-supplied,STKH,Steakholder Foods Ltd.,"$8,899,633",Sep/2023,($0.02),1,,2023-12-13,0,-0.02,,,,,,,,,,,,11/23/2022,($0.17)
258,,,time-after-hours,MIND,"MIND Technology, Inc.","$7,377,113",Oct/2023,,5,,2023-12-13,0,,,,,,,,,,,,,N/A,($3.10)
259,,,time-not-supplied,AGFY,Agrify Corporation,"$2,460,408",Sep/2023,,5,,2023-12-13,0,,,,,,,,,,,,,N/A,($99.99)
260,,,time-after-hours,COST,Costco Wholesale Corporation,"$270,492,352,463",Nov/2023,$3.44,15,,2023-12-14,0,3.44,11/02/2023,Cash,$1.02,10/18/2023,11/03/2023,11/17/2023,USD,N/A,$2.24,Retail-Drug Stores and Proprietary Stores,,12/08/2022,$3.10
261,,,time-after-hours,LEN,Lennar Corporation,"$39,090,267,965",Nov/2023,$4.64,8,,2023-12-14,0,4.64,10/11/2023,Cash,$0.375,09/27/2023,10/12/2023,10/26/2023,USD,N/A,$2.24,Retail-Drug Stores and Proprietary Stores,,12/14/2022,$5.02
262,,,time-after-hours,LEN.B,Lennar Corporation,"$35,700,757,569",Nov/2023,,N/A,,2023-12-14,0,,10/11/2023,Cash,$0.375,09/27/2023,10/12/2023,10/26/2023,USD,N/A,$2.24,Retail-Drug Stores and Proprietary Stores,,N/A,$5.02
263,,,time-pre-market,JBL,Jabil Inc.,"$14,895,364,350",Nov/2023,$2.30,3,,2023-12-14,0,2.30,11/14/2023,Cash,$0.08,10/19/2023,11/15/2023,12/04/2023,USD,N/A,$2.24,Retail-Drug Stores and Proprietary Stores,,12/15/2022,$1.61
264,,,time-not-supplied,AEG,Aegon Ltd.,"$14,818,394,804",Sep/2023,,N/A,,2023-12-14,0,,08/29/2023,Cash,$0.152754,08/17/2023,08/30/2023,09/27/2023,USD,N/A,$2.24,Retail-Drug Stores and Proprietary Stores,,11/10/2022,($0.10)
265,,,time-not-supplied,MANU,Manchester United Ltd.,"$3,189,462,677",Sep/2023,($0.09),2,,2023-12-14,0,-0.09,06/03/2022,Cash,$0.09,05/26/2022,06/06/2022,06/24/2022,USD,N/A,$2.24,Retail-Drug Stores and Proprietary Stores,,12/08/2022,($0.07)
266,,,time-not-supplied,MDRX,Veradigm Inc.,"$1,375,580,579",Sep/2023,$0.17,3,,2023-12-14,0,0.17,,,,,,,,,,,,11/03/2022,$0.20
267,,,time-not-supplied,AZUL,Azul S.A.,"$1,148,950,796",Sep/2023,($0.38),3,,2023-12-14,0,-0.38,,,,,,,,,,,,11/10/2022,($0.72)
268,,,time-after-hours,NX,Quanex Building Products Corporation,"$1,060,510,573",Oct/2023,,N/A,,2023-12-14,0,,09/14/2023,Cash,$0.08,08/24/2023,09/15/2023,09/29/2023,USD,N/A,$2.24,Retail-Drug Stores and Proprietary Stores,,N/A,$0.75
269,,,time-not-supplied,ALDX,"Aldeyra Therapeutics, Inc.","$190,583,548",Sep/2023,($0.24),4,,2023-12-14,0,-0.24,,,,,,,,,,,,11/10/2022,($0.25)
270,,,time-pre-market,KNOP,KNOT Offshore Partners LP,"$187,275,000",Sep/2023,($0.11),1,,2023-12-14,0,-0.11,10/25/2023,Cash,$0.026,10/12/2023,10/26/2023,11/09/2023,USD,N/A,$2.24,Retail-Drug Stores and Proprietary Stores,,11/29/2022,$0.47
271,,,time-not-supplied,IH,iHuman Inc.,"$138,972,849",Sep/2023,,N/A,,2023-12-14,0,,,,,,,,,,,,,N/A,$0.10
272,,,time-not-supplied,RNAC,"Cartesian Therapeutics, Inc.","$125,203,213",Sep/2023,($0.10),1,,2023-12-14,0,-0.10,,,,,,,,,,,,11/03/2022,($0.01)
273,,,time-not-supplied,WILC,"G. Willi-Food International,  Ltd.","$124,109,802",Sep/2023,,N/A,,2023-12-14,0,,09/14/2023,Cash,$0.19,08/30/2023,09/15/2023,09/26/2023,USD,N/A,$2.24,Retail-Drug Stores and Proprietary Stores,,N/A,$0.16
274,,,time-not-supplied,NA,Nano Labs Ltd,"$53,936,518",Sep/2023,,N/A,,2023-12-14,0,,,,,,,,,,,,,N/A,$0.07
275,,,time-after-hours,MESA,"Mesa Air Group, Inc.","$50,629,936",Sep/2023,($0.15),1,,2023-12-14,0,-0.15,,,,,,,,,,,,12/29/2022,($0.37)
276,,,time-not-supplied,MAQC,Maquia Capital Acquisition Corporation,"$43,584,167",Sep/2023,,N/A,,2023-12-14,0,,,,,,,,,,,,,N/A,$0.11
277,,,time-not-supplied,GROW,"U.S. Global Investors, Inc.","$42,641,818",Sep/2023,,N/A,,2023-12-14,0,,12/08/2023,Cash,$0.0075,09/18/2023,12/11/2023,12/26/2023,USD,N/A,$2.24,Retail-Drug Stores and Proprietary Stores,,N/A,$0.01
278,,,time-not-supplied,CELU,Celularity Inc.,"$40,003,645",Sep/2023,($0.03),1,,2023-12-14,0,-0.03,,,,,,,,,,,,11/10/2022,$0.03
279,,,time-not-supplied,HOLO,MicroCloud Hologram Inc.,"$22,103,235",Sep/2023,,N/A,,2023-12-14,0,,,,,,,,,,,,,N/A,N/A
280,,,time-pre-market,YJ,Yunji Inc.,"$16,550,858",Sep/2023,,N/A,,2023-12-14,0,,,,,,,,,,,,,N/A,($0.20)
281,,,time-not-supplied,KZIA,Kazia Therapeutics Limited,"$9,802,971",Sep/2023,,N/A,,2023-12-14,0,,01/28/2013,Cash/Stock,$4.0928,N/A,11/19/2012,01/25/2013,USD,N/A,$2.24,Retail-Drug Stores and Proprietary Stores,,N/A,N/A
282,,,time-not-supplied,MINM,"Minim, Inc.","$5,942,204",Sep/2023,,N/A,,2023-12-14,0,,,,,,,,,,,,,11/10/2022,($2.25)
283,,,time-not-supplied,MDVL,"MedAvail Holdings, Inc. ","$3,615,160",Sep/2023,,N/A,,2023-12-14,0,,,,,,,,,,,,,N/A,($7.50)
